<?xml version="1.0" encoding="UTF-8" standalone="yes"?>
<addon id="plugin.video.peraltabuildWizard" name="[B][COLOR blue]PERALTA[/COLOR] BUILD [COLOR red]Wizard[/COLOR][/B]" version="1.0.0" provider-name="PERALTASTREAM">
  <requires>
    <import addon="xbmc.python" version="2.1.0"/>
  </requires>
  <extension point="xbmc.python.pluginsource" library="default.py">
        <provides>video executable</provides>
  </extension>
  <extension point="xbmc.addon.metadata">
    <summary lang="en">[B][COLOR blue]PERALTA[/COLOR] BUILD [COLOR red]Wizard[/COLOR][/B]</summary>
    <description lang="en">HOME of the best addons Dominican theater, peraltastream,cinemaHD,EPHD+,nigth at the movies,justmovies and more</description>
	<website></website>
    <platform>all</platform>
  </extension>
</addon>
