<?xml version="1.0" encoding="UTF-8" standalone="yes"?>
<addon id="plugin.video.EPHD++" name="[B][COLOR blue]EP[/COLOR]HD[COLOR red]++[/COLOR][/B]" version="3.0.0" provider-name="EPeralta">
	<requires>
		<import addon="xbmc.python" version="2.1.0" />
		<import addon="script.module.pyxbmct" version="1.1.4" />
		<import addon="script.module.urlresolver" version="3.0.0"/>
		<import addon="script.module.liveresolver" version="0.1.24"/>
		<import addon="plugin.video.youtube" optional="true" />
	</requires>
	<extension point="xbmc.python.pluginsource" library="default.py">
		<provides>video</provides>
	</extension>
		<summary lang="en"></summary>
		<description lang="en">Discover Great HD movies and tv shows content by PERALTASTREAM</description>
		<platform>all</platform>
		<forum></forum>
		<website></website>
	</extension>
</addon>
