<?xml version="1.0" encoding="UTF-8" standalone="yes"?>
<addon id="repository.PeraltaRepo" name="[COLOR blue]Per[/COLOR]alta[COLOR red]Repo[/COLOR]" version="1.5 provider-name="Eperalta">
	<extension point="xbmc.addon.repository" name="peralta Addon Repository">
		<info compressed="false">https://raw.githubusercontent.com/peralta57/peralta.repo/master/Addons/addons.xml</info>
		<checksum>https://raw.githubusercontent.com/peralta57/peralta.repo/master/Addons/addons.xml.md5</checksum>
		<datadir zip="true">https://github.com/peralta57/peralta.repo/tree/master/Addons</datadir>
	</extension>
	<extension point="xbmc.addon.metadata">
		<summary>Install My Addons</summary>
		<description>Download and install DominicanTheater,Peraltatream,EPHD++,EPMOVIES,CINEMAHD,JUSTMOVIES AND NIGHT AT THE MOVIES from PeraltaRepo!</description>
		<platform>all</platform>
	</extension>
</addon>