<?xml version="1.0" encoding="UTF-8" standalone="yes"?>
<addon id="repository.PeraltaRepo" name="[COLOR blue]Per[/COLOR]alta[COLOR red]Repo[/COLOR]" version="1.5 provider-name="Eperalta">
	<extension point="xbmc.addon.repository" name="peralta Addon Repository">
		<info compressed="false">http://peraltarepo.netai.net/Addons/addons.xml</info>
		<checksum>http://peraltarepo.netai.net/Addons/addons.xml.md5</checksum>
		<datadir zip="true">http://peraltarepo.netai.net/Addons/</datadir>
	</extension>
	<extension point="xbmc.addon.metadata">
		<summary>Install My Addons</summary>
		<description>Download and install DominicanTheater,Peraltatream,EPHD++,EPMOVIES,CINEMAHD,JUSTMOVIES AND NIGHT AT THE MOVIES from PeraltaRepo!</description>
		<platform>all</platform>
	</extension>
</addon>

