<?xml version="1.0" encoding="UTF-8" standalone="yes"?>
<addon id="plugin.video.hdstream" name="[COLOR blue][B]HD[/COLOR][COLOR white]STR[/COLOR][COLOR red]EAM[/B][/COLOR]" version="1.0.6" provider-name="PERALTASTREAM">
  <requires>
    <import addon="xbmc.python" version="2.1.0"/>
	<import addon="script.module.addon.common" />
	<import addon="script.module.metahandler" version="2.5.1"/>
	<import addon="script.module.requests" />
	<import addon="repository.mdrepo" />
  </requires>
  <extension point="xbmc.python.pluginsource" library="default.py">
        <provides>video</provides>
  </extension>
  <extension point="xbmc.addon.metadata">
    <summary lang="en">Stream content From  PERALTASTREAM Library</summary>
    <description lang="en">Stream Content From PERALTASTREAM Library</description>
	<disclaimer lang="en">The author does not host or distribute any of the content displayed by this addon or have any affiliation with the website owners</disclaimer>
    <platform>all</platform>
  </extension>
</addon>
