<?xml version="1.0" encoding="UTF-8" standalone="yes"?>
<addon id="plugin.video.EPHD++" name="[COLOR blue]EP[/COLOR]HD[COLOR red]++[/COLOR]" version="2.8.0" provider-name="EPeralta">
	<requires>
		<import addon="xbmc.python" version="2.1.0" />
		<import addon="script.module.pyxbmct" version="1.1.4" />
		<import addon="script.module.requests" version="1.1.0" />
		<import addon="script.module.metahandler" version="2.3.1" />
		<import addon="plugin.video.youtube" optional="true" />
	</requires>
	<extension point="xbmc.python.pluginsource" library="default.py">
		<provides>video</provides>
	</extension>
	<extension point="xbmc.addon.metadata">
		<summary lang="en"></summary>
		<description lang="en">Discover Great HD movies and tv shows content</description>
		<platform>all</platform>
		<forum></forum>
		<website></website>
	</extension>
</addon>
