<?xml version="1.0" encoding="UTF-8" standalone="yes"?>
<addon id="plugin.video.Nightatthemovies" name="[B][COLOR blue]Night[/COLOR] At [COLOR red]The Movies[/COLOR][/B]" version="1.0.1" provider-name="EPERALTA">
  <requires>
    <import addon="xbmc.python" version="2.1.0"/>
	<import addon="script.module.addon.common" />
	<import addon="script.module.metahandler" version="2.5.1"/>
	<import addon="script.module.requests" />
	<import addon="repository.mdrepo" />
  </requires>
  <extension point="xbmc.python.pluginsource" library="default.py">
        <provides>video</provides>
  </extension>
  <extension point="xbmc.addon.metadata">
    <summary lang="en">Stream content From Night at The Movies</summary>
    <description lang="en">Stream Content </description>
	<disclaimer lang="en">The author does not host or distribute any of the content displayed by this addon or have any affiliation with the website owners</disclaimer>
    <platform>all</platform>
  </extension>
</addon>
